BLOCK_SIZE_M,BLOCK_SIZE_N,BLOCK_SIZE_K,num_warps,num_stages,time_ms
64,64,32,4,2,0.3157973289489746
128,128,32,8,3,0.444791316986084
128,64,64,4,4,0.3471207618713379
