BLOCK_SIZE_M,BLOCK_SIZE_N,BLOCK_SIZE_K,num_warps,num_stages,time_ms
64,64,32,4,2,0.2903437614440918
128,128,32,8,3,0.29076337814331055
128,64,64,4,4,0.29726505279541016
