Size,CUBLAS_GFLOPS,MySGEMM_FLOPS,Matched
128,312.523,242.009,1,0.774372
256,1106.79,1081.01,1,0.976701
512,5141.34,4773.31,1,0.928417
1024,23153.8,19732.1,0,0.85222
2048,37742.4,20843.9,0,0.552266
4096,38323.9,18374.7,0,0.479457
8192,39557.5,18902.6,1,0.477851
