Size,CUBLAS_GFLOPS,MySGEMM_FLOPS,Matched,Ratio
128,145.051,226.874,1,1.5641
256,2096.9,1116.93,1,0.532659
512,12196.1,5013,1,0.411033
1024,27064.5,21210.9,0,0.783718
2048,37616.9,29217.9,0,0.776722
4096,38164,33426.9,0,0.875875
8192,39375.1,32940.7,1,0.836587
