Size,CUBLAS_GFLOPS,MySGEMM_FLOPS,Matched,Ratio
128,298.243,123.448,1,0.413917
256,454.582,965.7,1,2.12437
512,12994.3,4564.04,1,0.351233
1024,27431.9,19764.5,0,0.720494
2048,38196,26365.3,0,0.690262
4096,38904.7,30505.7,0,0.784113
8192,39665.2,32097.8,1,0.809217
