Size,CUBLAS_GFLOPS,MySGEMM_v4_FLOPS,MySGEMM_v4_1_FLOPS,       Matched,Ratio4,Ratio4_1
128,268.326,249.272,218.621,1,0.928987,0.814758
256,1933.57,1319.31,967.562,1,0.682319,0.500401
512,13112.7,5807.52,4211.21,1,0.442891,0.321154
1024,27352.3,24640.5,17687.3,0,0.900856,0.646647
2048,37831.9,27668.8,20402.6,0,0.731362,0.539297
4096,38496.6,30399.9,25254.5,0,0.789679,0.656019
8192,39640.3,30108.1,25853.2,1,0.759533,0.652196
