N,Length,GPU_Time_ms,Bandwidth_GBs,ErrorCount,Pass
16384,256,0.0200138,3.27455,0,1
131072,256,0.0144874,36.1893,0,1
1048576,256,0.0119981,349.581,0,1
4194304,256,0.0188726,888.97,0,1
131072,512,0.0122691,42.7323,0,1
131072,1024,0.011784,44.4915,0,1
131072,2048,0.0554838,9.44938,0,1
131072,4096,0.0165667,31.6471,0,1
