N,Length,BinPasses,GPU_Time_ms,Bandwidth_GBs,ErrorCount,Pass
16384,256,1,0.0102346,6.40336,0,1
131072,256,1,0.0335745,15.6157,0,1
1048576,256,1,0.0335151,125.147,0,1
4194304,256,1,0.0284217,590.296,0,1
16777216,512,1,0.0672634,997.703,0,1
16777216,1024,1,0.0665702,1008.09,0,1
16777216,2048,1,0.0735602,912.298,0,1
16777216,4096,1,0.115379,581.639,0,1
67108864,16384,4,1.43244,749.588,0,1
67108864,65536,16,5.56993,771.099,0,1
