N,Length,GPU_Time_ms,Bandwidth_GBs,ErrorCount,Pass
16384,256,0.0179024,3.66074,0,1
131072,256,0.0334922,15.6541,0,1
1048576,256,0.158897,26.3964,0,1
4194304,256,0.609013,27.5482,0,1
131072,512,0.0214326,24.4621,0,1
131072,1024,0.0305286,17.1737,0,1
131072,2048,0.0177776,29.4915,0,1
131072,4096,0.0152874,34.2955,0,1
