N,Length,BinPasses,GPU_Time_ms,Bandwidth_GBs,ErrorCount,Pass
16384,256,1,0.0120825,5.42406,0,1
131072,256,1,0.013219,39.6616,0,1
1048576,256,1,0.0150664,278.387,0,1
4194304,256,1,0.0189242,886.549,0,1
131072,512,1,0.0209527,25.0225,0,1
131072,1024,1,0.0122785,42.6997,0,1
131072,2048,1,0.0257532,20.3581,0,1
131072,4096,1,0.0159086,32.9564,0,1
524288,16384,4,0.040073,209.333,0,1
524288,65536,16,0.179196,187.25,0,1
