N,Length,GPU_Time_ms,Bandwidth_GBs,ErrorCount,Pass
16384,256,0.0120736,5.42804,0,1
131072,256,0.0258909,20.2499,0,1
1048576,256,0.162146,25.8675,0,1
4194304,256,0.614479,27.3031,0,1
131072,512,0.0182538,28.7222,0,1
131072,1024,0.0199392,26.2943,0,1
131072,2048,0.0210026,24.9631,0,1
131072,4096,0.0150637,34.8048,0,1
